activity_comment,assay_chembl_id,canonical_smiles,data_validity_comment,document_chembl_id,document_journal,molecule_chembl_id,relation,standard_relation,standard_type,standard_units,standard_value,target_chembl_id,target_pref_name,type,units,value,isomeric_smiles,inchikey,np_score,short_inchikey,wikidata_id
,CHEMBL847958,CC1=CC(N)=N[C@@H]2CCC[C@H]12,,CHEMBL1136028,Bioorg Med Chem Lett,CHEMBL75428,=,=,Ratio,,3.0,CHEMBL2111350,Nitric oxide synthase (inducible and endothelial),Ratio,,3.0,CC1=CC(N)=N[C@@H]2CCC[C@H]12,ACMNCCHOSFLUPZ-HTQZYQBOSA-N,0.849613409639209,ACMNCCHOSFLUPZ,no_wikidata_match
,CHEMBL834179,CC(N)C(=O)OCC1CNc2nc(N)nc(O)c2N1,,CHEMBL1140327,J Med Chem,CHEMBL359988,<,<,Selectivity,,4.28,CHEMBL2111350,Nitric oxide synthase (inducible and endothelial),Selectivity,,4.28,CC(N)C(=O)OCC1CNc2nc(N)nc(O)c2N1,AECPLDIAUVDACN-UHFFFAOYSA-N,0.4647466489363897,AECPLDIAUVDACN,no_wikidata_match
,CHEMBL831307,NC1=N[C@H]2CCCC[C@@H]2CC1,,CHEMBL1143520,Bioorg Med Chem Lett,CHEMBL193007,=,=,Selectivity,,29.6,CHEMBL2111350,Nitric oxide synthase (inducible and endothelial),Selectivity,,29.6,NC1=N[C@H]2CCCC[C@@H]2CC1,AEIXJVBMYJIICX-SFYZADRCSA-N,0.48856354481962716,AEIXJVBMYJIICX,no_wikidata_match
,CHEMBL831307,NC1=N[C@H]2CCCC[C@H]2CC1,,CHEMBL1143520,Bioorg Med Chem Lett,CHEMBL364230,=,=,Selectivity,,67.0,CHEMBL2111350,Nitric oxide synthase (inducible and endothelial),Selectivity,,67.0,NC1=N[C@H]2CCCC[C@H]2CC1,AEIXJVBMYJIICX-YUMQZZPRSA-N,0.48856354481962716,AEIXJVBMYJIICX,no_wikidata_match
,CHEMBL831307,CC1CC(N)=Nc2ccccc21,,CHEMBL1143520,Bioorg Med Chem Lett,CHEMBL192033,=,=,Selectivity,,15.7,CHEMBL2111350,Nitric oxide synthase (inducible and endothelial),Selectivity,,15.7,CC1CC(N)=Nc2ccccc21,AXHHNWVDJRCUIZ-UHFFFAOYSA-N,0.29840468584286667,AXHHNWVDJRCUIZ,no_wikidata_match
,CHEMBL834179,[N-]=[N+]=C(c1ccc(C(=O)OCc2cnc3nc(N)nc(O)c3n2)cc1)C(F)(F)F,,CHEMBL1140327,J Med Chem,CHEMBL364546,=,=,Selectivity,,0.56,CHEMBL2111350,Nitric oxide synthase (inducible and endothelial),Selectivity,,0.56,[N-]=[N+]=C(c1ccc(C(=O)OCc2cnc3nc(N)nc(O)c3n2)cc1)C(F)(F)F,AYPJJECBXSRFII-UHFFFAOYSA-N,-0.47377412894165505,AYPJJECBXSRFII,no_wikidata_match
,CHEMBL847958,CCCC1CC(C)=CC(N)=N1,,CHEMBL1136028,Bioorg Med Chem Lett,CHEMBL75496,=,=,Ratio,,9.7,CHEMBL2111350,Nitric oxide synthase (inducible and endothelial),Ratio,,9.7,CCCC1CC(C)=CC(N)=N1,BFRRSPPCKUKUNO-UHFFFAOYSA-N,0.9713887085581274,BFRRSPPCKUKUNO,no_wikidata_match
,CHEMBL831307,C[C@@H]1CC(N)=N[C@@H]2CCCCC[C@H]12,,CHEMBL1143520,Bioorg Med Chem Lett,CHEMBL190655,=,=,Selectivity,,5.2,CHEMBL2111350,Nitric oxide synthase (inducible and endothelial),Selectivity,,5.2,C[C@@H]1CC(N)=N[C@@H]2CCCCC[C@H]12,BFSHJUMYVDDDRE-OPRDCNLKSA-N,0.6670539213956999,BFSHJUMYVDDDRE,no_wikidata_match
,CHEMBL832169,CCC1CSCCC(N)=N1,,CHEMBL1138708,Bioorg Med Chem Lett,CHEMBL185833,=,=,Selectivity,,3.7,CHEMBL2111350,Nitric oxide synthase (inducible and endothelial),Selectivity,,3.7,CCC1CSCCC(N)=N1,BJFMNSRYUNDINA-UHFFFAOYSA-N,-0.05176157877254005,BJFMNSRYUNDINA,no_wikidata_match
,CHEMBL847958,CC1=CC(N)=NCC1(C)C,,CHEMBL1136028,Bioorg Med Chem Lett,CHEMBL308310,=,=,Ratio,,5.0,CHEMBL2111350,Nitric oxide synthase (inducible and endothelial),Ratio,,5.0,CC1=CC(N)=NCC1(C)C,BVWOQWKQOXPDAZ-UHFFFAOYSA-N,0.8678567151554398,BVWOQWKQOXPDAZ,no_wikidata_match
,CHEMBL847292,CCCCCC1N=C(N)CC1C(F)(F)F.Cl,,CHEMBL1131100,J Med Chem,CHEMBL545059,=,=,Ratio,,916.0,CHEMBL2111350,Nitric oxide synthase (inducible and endothelial),Ratio,,916.0,CCCCCC1N=C(N)CC1C(F)(F)F.Cl,BWGVYBXEGKLGDG-UHFFFAOYSA-N,0.2085024105712875,BWGVYBXEGKLGDG,no_wikidata_match
,CHEMBL847292,CCCCCC1N=C(N)CC1C(F)(F)F.Cl,,CHEMBL1131100,J Med Chem,CHEMBL545059,=,=,Ratio,,32.3,CHEMBL2111350,Nitric oxide synthase (inducible and endothelial),Ratio,,32.3,CCCCCC1N=C(N)CC1C(F)(F)F.Cl,BWGVYBXEGKLGDG-UHFFFAOYSA-N,0.2085024105712875,BWGVYBXEGKLGDG,no_wikidata_match
,CHEMBL847292,CCCCCC1N=C(N)CC1C(F)(F)F.Cl,,CHEMBL1131100,J Med Chem,CHEMBL545059,=,=,Ratio,,226.0,CHEMBL2111350,Nitric oxide synthase (inducible and endothelial),Ratio,,226.0,CCCCCC1N=C(N)CC1C(F)(F)F.Cl,BWGVYBXEGKLGDG-UHFFFAOYSA-N,0.2085024105712875,BWGVYBXEGKLGDG,no_wikidata_match
,CHEMBL847292,CCCCCC1N=C(N)CC1C(F)(F)F.Cl,,CHEMBL1131100,J Med Chem,CHEMBL545059,=,=,Ratio,,484.0,CHEMBL2111350,Nitric oxide synthase (inducible and endothelial),Ratio,,484.0,CCCCCC1N=C(N)CC1C(F)(F)F.Cl,BWGVYBXEGKLGDG-UHFFFAOYSA-N,0.2085024105712875,BWGVYBXEGKLGDG,no_wikidata_match
,CHEMBL847958,CC1(C)C=CC(N)=NC1,,CHEMBL1136028,Bioorg Med Chem Lett,CHEMBL75794,=,=,Ratio,,11.1,CHEMBL2111350,Nitric oxide synthase (inducible and endothelial),Ratio,,11.1,CC1(C)C=CC(N)=NC1,BZXKHOGSDJTXCL-UHFFFAOYSA-N,1.1368936969251555,BZXKHOGSDJTXCL,no_wikidata_match
,CHEMBL845031,CCCC1CCCC(N)=N1,,CHEMBL1131208,J Med Chem,CHEMBL6760,=,=,Selectivity,,11.0,CHEMBL2111350,Nitric oxide synthase (inducible and endothelial),Selectivity,,11.0,CCCC1CCCC(N)=N1,CISAVHFVACXGDG-UHFFFAOYSA-N,0.8311335172301503,CISAVHFVACXGDG,no_wikidata_match
,CHEMBL839193,CCCCC[C@H]1NC(=N)[C@@H](O)[C@H]1C.Cl,,CHEMBL1134975,Bioorg Med Chem Lett,CHEMBL114534,=,=,Selectivity,,2540.0,CHEMBL2111350,Nitric oxide synthase (inducible and endothelial),Selectivity,,2540.0,CCCCC[C@H]1NC(=N)[C@@H](O)[C@H]1C.Cl,CKXJKBHWSIZACH-HBJOHWKNSA-N,1.1176778427249074,CKXJKBHWSIZACH,no_wikidata_match
,CHEMBL675570,CC(=N)NCCCCCC(N)C(=O)O,,CHEMBL1133154,Bioorg Med Chem Lett,CHEMBL127739,>,>,Ratio,,5.0,CHEMBL2111350,Nitric oxide synthase (inducible and endothelial),Ratio,,5.0,CC(=N)NCCCCCC(N)C(=O)O,CQIZIZXOTXHJNR-UHFFFAOYSA-N,1.1856700347402713,CQIZIZXOTXHJNR,no_wikidata_match
,CHEMBL845031,CCC1CCN=C(N)C1,,CHEMBL1131208,J Med Chem,CHEMBL6813,=,=,Selectivity,,5.0,CHEMBL2111350,Nitric oxide synthase (inducible and endothelial),Selectivity,,5.0,CCC1CCN=C(N)C1,CTTYZHUIOUHYSM-UHFFFAOYSA-N,0.23266183808492225,CTTYZHUIOUHYSM,no_wikidata_match
,CHEMBL839193,CCCCC[C@H]1N=C(N)[C@H](O)[C@H]1C,,CHEMBL1134975,Bioorg Med Chem Lett,CHEMBL321446,=,=,Selectivity,,386.0,CHEMBL2111350,Nitric oxide synthase (inducible and endothelial),Selectivity,,386.0,CCCCC[C@H]1N=C(N)[C@H](O)[C@H]1C,DBFJQSOVVMBTEE-DJLDLDEBSA-N,1.1780683242618923,DBFJQSOVVMBTEE,no_wikidata_match
,CHEMBL839193,CCCCC[C@@H]1N=C(N)[C@H](O)[C@@H]1C,,CHEMBL1134975,Bioorg Med Chem Lett,CHEMBL116162,=,=,Selectivity,,1046.0,CHEMBL2111350,Nitric oxide synthase (inducible and endothelial),Selectivity,,1046.0,CCCCC[C@@H]1N=C(N)[C@H](O)[C@@H]1C,DBFJQSOVVMBTEE-HRDYMLBCSA-N,1.1780683242618923,DBFJQSOVVMBTEE,no_wikidata_match
,CHEMBL839193,CCCCC[C@@H]1N=C(N)[C@@H](O)[C@@H]1C,,CHEMBL1134975,Bioorg Med Chem Lett,CHEMBL327133,=,=,Selectivity,,516.0,CHEMBL2111350,Nitric oxide synthase (inducible and endothelial),Selectivity,,516.0,CCCCC[C@@H]1N=C(N)[C@@H](O)[C@@H]1C,DBFJQSOVVMBTEE-VGMNWLOBSA-N,1.1780683242618923,DBFJQSOVVMBTEE,no_wikidata_match
,CHEMBL675570,CC(=N)NCCS(=O)(=O)C[C@@H](N)C(=O)O,,CHEMBL1133154,Bioorg Med Chem Lett,CHEMBL154895,>,>,Ratio,,125.0,CHEMBL2111350,Nitric oxide synthase (inducible and endothelial),Ratio,,125.0,CC(=N)NCCS(=O)(=O)C[C@@H](N)C(=O)O,DDGULJZAQPDKQZ-ZCFIWIBFSA-N,0.1684399423516534,DDGULJZAQPDKQZ,no_wikidata_match
,CHEMBL845031,N=C1CCCCN1,,CHEMBL1131208,J Med Chem,CHEMBL269058,=,=,Selectivity,,4.0,CHEMBL2111350,Nitric oxide synthase (inducible and endothelial),Selectivity,,4.0,N=C1CCCCN1,DHGUMNJVFYRSIG-UHFFFAOYSA-N,0.21463670137917143,DHGUMNJVFYRSIG,http://www.wikidata.org/entity/Q27453028
,CHEMBL831307,N=C1CCCCN1,,CHEMBL1143520,Bioorg Med Chem Lett,CHEMBL269058,=,=,Selectivity,,2.1,CHEMBL2111350,Nitric oxide synthase (inducible and endothelial),Selectivity,,2.1,N=C1CCCCN1,DHGUMNJVFYRSIG-UHFFFAOYSA-N,0.21463670137917143,DHGUMNJVFYRSIG,http://www.wikidata.org/entity/Q27453028
,CHEMBL847292,CC1CCC(N)=N1.Cl,,CHEMBL1131100,J Med Chem,CHEMBL555587,=,=,Ratio,,2.44,CHEMBL2111350,Nitric oxide synthase (inducible and endothelial),Ratio,,2.44,CC1CCC(N)=N1.Cl,DOESRNRMSZKBBS-UHFFFAOYSA-N,0.5136484528528249,DOESRNRMSZKBBS,no_wikidata_match
,CHEMBL832169,CC1CN=C(N)CCS1,,CHEMBL1138708,Bioorg Med Chem Lett,CHEMBL187008,=,=,Selectivity,,1.1,CHEMBL2111350,Nitric oxide synthase (inducible and endothelial),Selectivity,,1.1,CC1CN=C(N)CCS1,FACIWFABQIDLEA-UHFFFAOYSA-N,0.18799818398906665,FACIWFABQIDLEA,no_wikidata_match
,CHEMBL832169,CCCCC1CSCCC(N)=N1,,CHEMBL1138708,Bioorg Med Chem Lett,CHEMBL186091,=,=,Selectivity,,164.0,CHEMBL2111350,Nitric oxide synthase (inducible and endothelial),Selectivity,,164.0,CCCCC1CSCCC(N)=N1,FGUKFZPUKNZRSR-UHFFFAOYSA-N,0.29528277596296676,FGUKFZPUKNZRSR,no_wikidata_match
,CHEMBL675570,CC(=N)NCCOCCC(N)C(=O)O,,CHEMBL1133154,Bioorg Med Chem Lett,CHEMBL155413,=,=,Ratio,,51.0,CHEMBL2111350,Nitric oxide synthase (inducible and endothelial),Ratio,,51.0,CC(=N)NCCOCCC(N)C(=O)O,FKMADZQWMYNYLY-UHFFFAOYSA-N,0.6319209957272001,FKMADZQWMYNYLY,no_wikidata_match
,CHEMBL847292,CCC1CN=C(N)C1.Cl,,CHEMBL1131100,J Med Chem,CHEMBL543886,=,=,Ratio,,8.91,CHEMBL2111350,Nitric oxide synthase (inducible and endothelial),Ratio,,8.91,CCC1CN=C(N)C1.Cl,FPPOUWBAWOILPS-UHFFFAOYSA-N,0.3325705091793667,FPPOUWBAWOILPS,no_wikidata_match
,CHEMBL845031,NC1=NC(CC2CCCCC2)CCC1,,CHEMBL1131208,J Med Chem,CHEMBL269560,=,=,Selectivity,,64.0,CHEMBL2111350,Nitric oxide synthase (inducible and endothelial),Selectivity,,64.0,NC1=NC(CC2CCCCC2)CCC1,GFAXMTCFGXNOQD-UHFFFAOYSA-N,0.6758255889934716,GFAXMTCFGXNOQD,no_wikidata_match
,CHEMBL834179,COc1ccc(-c2cnc3nc(N)nc(N(Cc4ccccc4)Cc4ccccc4)c3n2)cc1,,CHEMBL1140327,J Med Chem,CHEMBL100659,=,=,Selectivity,,0.4,CHEMBL2111350,Nitric oxide synthase (inducible and endothelial),Selectivity,,0.4,COc1ccc(-c2cnc3nc(N)nc(N(Cc4ccccc4)Cc4ccccc4)c3n2)cc1,GFOZGTWUCAGSEA-UHFFFAOYSA-N,-0.7000657449958115,GFOZGTWUCAGSEA,no_wikidata_match
,CHEMBL845031,CC1CCN=C(N)C1,,CHEMBL1131208,J Med Chem,CHEMBL6808,=,=,Selectivity,,9.0,CHEMBL2111350,Nitric oxide synthase (inducible and endothelial),Selectivity,,9.0,CC1CCN=C(N)C1,GGDLOMFAKKVDPT-UHFFFAOYSA-N,0.5507578454591499,GGDLOMFAKKVDPT,http://www.wikidata.org/entity/Q82187937
,CHEMBL831307,CC1CCN=C(N)C1,,CHEMBL1143520,Bioorg Med Chem Lett,CHEMBL6808,=,=,Selectivity,,3.9,CHEMBL2111350,Nitric oxide synthase (inducible and endothelial),Selectivity,,3.9,CC1CCN=C(N)C1,GGDLOMFAKKVDPT-UHFFFAOYSA-N,0.5507578454591499,GGDLOMFAKKVDPT,http://www.wikidata.org/entity/Q82187937
,CHEMBL832169,NC1=NCCCSC1,,CHEMBL1138708,Bioorg Med Chem Lett,CHEMBL186856,=,=,Selectivity,,8.8,CHEMBL2111350,Nitric oxide synthase (inducible and endothelial),Selectivity,,8.8,NC1=NCCCSC1,GMUCRJMNMMHHFX-UHFFFAOYSA-N,-0.7366842489505251,GMUCRJMNMMHHFX,no_wikidata_match
,CHEMBL847292,CC1CN=C(N)C1.Cl,,CHEMBL1131100,J Med Chem,CHEMBL541090,=,=,Ratio,,11.0,CHEMBL2111350,Nitric oxide synthase (inducible and endothelial),Ratio,,11.0,CC1CN=C(N)C1.Cl,HAGVBOVZONYHRE-UHFFFAOYSA-N,1.0109190076513999,HAGVBOVZONYHRE,no_wikidata_match
,CHEMBL845031,NC1=NCCC(C(F)(F)F)C1,,CHEMBL1131208,J Med Chem,CHEMBL268312,=,=,Selectivity,,15.0,CHEMBL2111350,Nitric oxide synthase (inducible and endothelial),Selectivity,,15.0,NC1=NCCC(C(F)(F)F)C1,HTZZMLFQUNRRMS-UHFFFAOYSA-N,-0.34584151525441825,HTZZMLFQUNRRMS,no_wikidata_match
,CHEMBL832169,NC1=NCCOCC1,,CHEMBL1138708,Bioorg Med Chem Lett,CHEMBL330548,=,=,Selectivity,,2.1,CHEMBL2111350,Nitric oxide synthase (inducible and endothelial),Selectivity,,2.1,NC1=NCCOCC1,IJBIVIJNRYYPRZ-UHFFFAOYSA-N,-0.26253424142744997,IJBIVIJNRYYPRZ,no_wikidata_match
,CHEMBL834179,CCN(CC)c1nc(N)nc2c1NC(c1ccc(Cl)cc1)CN2,,CHEMBL1140327,J Med Chem,CHEMBL319722,=,=,Selectivity,,0.18,CHEMBL2111350,Nitric oxide synthase (inducible and endothelial),Selectivity,,0.18,CCN(CC)c1nc(N)nc2c1NC(c1ccc(Cl)cc1)CN2,IPHXEBOGNDNEFM-UHFFFAOYSA-N,-0.4620552709620696,IPHXEBOGNDNEFM,no_wikidata_match
,CHEMBL845031,NC1=NC(C2CCCCC2)CCC1,,CHEMBL1131208,J Med Chem,CHEMBL7133,=,=,Selectivity,,16.0,CHEMBL2111350,Nitric oxide synthase (inducible and endothelial),Selectivity,,16.0,NC1=NC(C2CCCCC2)CCC1,IWONLBSAXYOQRL-UHFFFAOYSA-N,0.2979083557518385,IWONLBSAXYOQRL,no_wikidata_match
,CHEMBL831307,C[C@@H]1CC(N)=N[C@@H]2CCC[C@H]12,,CHEMBL1143520,Bioorg Med Chem Lett,CHEMBL191242,=,=,Selectivity,,31.0,CHEMBL2111350,Nitric oxide synthase (inducible and endothelial),Selectivity,,31.0,C[C@@H]1CC(N)=N[C@@H]2CCC[C@H]12,JABSMABHPFQNPH-BWZBUEFSSA-N,0.8695102953176818,JABSMABHPFQNPH,no_wikidata_match
,CHEMBL831307,C[C@@H]1CC(N)=N[C@@H]2CCC[C@H]12,,CHEMBL1143520,Bioorg Med Chem Lett,CHEMBL191242,=,=,Selectivity,,40.0,CHEMBL2111350,Nitric oxide synthase (inducible and endothelial),Selectivity,,40.0,C[C@@H]1CC(N)=N[C@@H]2CCC[C@H]12,JABSMABHPFQNPH-BWZBUEFSSA-N,0.8695102953176818,JABSMABHPFQNPH,no_wikidata_match
,CHEMBL831307,C[C@H]1CC(N)=N[C@H]2CCC[C@H]21,,CHEMBL1143520,Bioorg Med Chem Lett,CHEMBL433589,=,=,Selectivity,,6.5,CHEMBL2111350,Nitric oxide synthase (inducible and endothelial),Selectivity,,6.5,C[C@H]1CC(N)=N[C@H]2CCC[C@H]21,JABSMABHPFQNPH-FXQIFTODSA-N,0.8695102953176818,JABSMABHPFQNPH,no_wikidata_match
,CHEMBL847292,Cl.NC1=NCCC1,,CHEMBL1131100,J Med Chem,CHEMBL543888,=,=,Ratio,,3.65,CHEMBL2111350,Nitric oxide synthase (inducible and endothelial),Ratio,,3.65,Cl.NC1=NCCC1,JEBHLIYFPKISBI-UHFFFAOYSA-N,0.13225498618047143,JEBHLIYFPKISBI,http://www.wikidata.org/entity/Q72466075
,CHEMBL675570,CC(=N)NCCOC[C@H](N)C(=O)O,,CHEMBL1133154,Bioorg Med Chem Lett,CHEMBL155129,=,=,Ratio,,11.0,CHEMBL2111350,Nitric oxide synthase (inducible and endothelial),Ratio,,11.0,CC(=N)NCCOC[C@H](N)C(=O)O,JMVMEPGMGYPFIU-LURJTMIESA-N,0.44445033219860236,JMVMEPGMGYPFIU,no_wikidata_match
,CHEMBL832169,CC1CC(N)=NCCS1,,CHEMBL1138708,Bioorg Med Chem Lett,CHEMBL365202,=,=,Selectivity,,1.6,CHEMBL2111350,Nitric oxide synthase (inducible and endothelial),Selectivity,,1.6,CC1CC(N)=NCCS1,JXQWNOBSLLRHKM-UHFFFAOYSA-N,-0.18470675266982217,JXQWNOBSLLRHKM,no_wikidata_match
,CHEMBL832169,CC(C)CC1CSCCC(N)=N1,,CHEMBL1138708,Bioorg Med Chem Lett,CHEMBL185919,=,=,Selectivity,,186.0,CHEMBL2111350,Nitric oxide synthase (inducible and endothelial),Selectivity,,186.0,CC(C)CC1CSCCC(N)=N1,KMFANDQFKVBAJW-UHFFFAOYSA-N,0.20300326835900848,KMFANDQFKVBAJW,no_wikidata_match
,CHEMBL675570,CC(=N)NCCSC[C@H](N)C(=O)O,,CHEMBL1133154,Bioorg Med Chem Lett,CHEMBL351787,>,>,Ratio,,18.0,CHEMBL2111350,Nitric oxide synthase (inducible and endothelial),Ratio,,18.0,CC(=N)NCCSC[C@H](N)C(=O)O,KQPLTXABUXNVDD-LURJTMIESA-N,0.5248889373011385,KQPLTXABUXNVDD,http://www.wikidata.org/entity/Q82574613
,CHEMBL675570,CC(=N)NCCSC[C@@H](N)C(=O)O,,CHEMBL1133154,Bioorg Med Chem Lett,CHEMBL435854,=,=,Ratio,,57.0,CHEMBL2111350,Nitric oxide synthase (inducible and endothelial),Ratio,,57.0,CC(=N)NCCSC[C@@H](N)C(=O)O,KQPLTXABUXNVDD-ZCFIWIBFSA-N,0.5248889373011385,KQPLTXABUXNVDD,no_wikidata_match
,CHEMBL847292,CCCC1N=C(N)CC1C.Cl,,CHEMBL1131100,J Med Chem,CHEMBL541081,=,=,Ratio,,12.0,CHEMBL2111350,Nitric oxide synthase (inducible and endothelial),Ratio,,12.0,CCCC1N=C(N)CC1C.Cl,KRAZUYRRUWMBKX-UHFFFAOYSA-N,0.5768064767528727,KRAZUYRRUWMBKX,no_wikidata_match
,CHEMBL845031,CC1CCCN=C1N,,CHEMBL1131208,J Med Chem,CHEMBL267167,=,=,Selectivity,,0.5,CHEMBL2111350,Nitric oxide synthase (inducible and endothelial),Selectivity,,0.5,CC1CCCN=C1N,KWOSGUYHQQCIGP-UHFFFAOYSA-N,0.6363315048071875,KWOSGUYHQQCIGP,http://www.wikidata.org/entity/Q82461451
,CHEMBL832169,NC1=NC(CO)CSCC1,,CHEMBL1138708,Bioorg Med Chem Lett,CHEMBL361722,=,=,Selectivity,,5.3,CHEMBL2111350,Nitric oxide synthase (inducible and endothelial),Selectivity,,5.3,NC1=NC(CO)CSCC1,LARUWSZSMYBJIP-UHFFFAOYSA-N,0.57537085931864,LARUWSZSMYBJIP,no_wikidata_match
,CHEMBL834179,CNCC1CNc2nc(N)nc(O)c2N1,,CHEMBL1140327,J Med Chem,CHEMBL420453,=,=,Selectivity,,0.39,CHEMBL2111350,Nitric oxide synthase (inducible and endothelial),Selectivity,,0.39,CNCC1CNc2nc(N)nc(O)c2N1,LHIQNSIRCHEIBK-UHFFFAOYSA-N,0.9777694835797067,LHIQNSIRCHEIBK,no_wikidata_match
,CHEMBL847292,CCCCC1N=C(N)CC1C.Cl,,CHEMBL1131100,J Med Chem,CHEMBL553119,=,=,Ratio,,36.0,CHEMBL2111350,Nitric oxide synthase (inducible and endothelial),Ratio,,36.0,CCCCC1N=C(N)CC1C.Cl,LZUMPBAFPSELNB-UHFFFAOYSA-N,0.7255591865783836,LZUMPBAFPSELNB,no_wikidata_match
,CHEMBL675570,CC(=N)NCCSCC[C@@H](N)C(=O)O,,CHEMBL1133154,Bioorg Med Chem Lett,CHEMBL155316,>,>,Ratio,,17.0,CHEMBL2111350,Nitric oxide synthase (inducible and endothelial),Ratio,,17.0,CC(=N)NCCSCC[C@@H](N)C(=O)O,MOLOJNHYNHBPCW-SSDOTTSWSA-N,0.4192840526254143,MOLOJNHYNHBPCW,no_wikidata_match
,CHEMBL675570,CC(=N)NCCSCC[C@H](N)C(=O)O,,CHEMBL1133154,Bioorg Med Chem Lett,CHEMBL114551,=,=,Ratio,,333.0,CHEMBL2111350,Nitric oxide synthase (inducible and endothelial),Ratio,,333.0,CC(=N)NCCSCC[C@H](N)C(=O)O,MOLOJNHYNHBPCW-ZETCQYMHSA-N,0.4192840526254143,MOLOJNHYNHBPCW,http://www.wikidata.org/entity/Q27251084
,CHEMBL834179,Nc1nc(O)c2nc(-c3cccc4ccccc34)cnc2n1,,CHEMBL1140327,J Med Chem,CHEMBL188157,<,<,Selectivity,,0.7,CHEMBL2111350,Nitric oxide synthase (inducible and endothelial),Selectivity,,0.7,Nc1nc(O)c2nc(-c3cccc4ccccc34)cnc2n1,MQCDKNPVBDKLOD-UHFFFAOYSA-N,-0.6292141644489135,MQCDKNPVBDKLOD,no_wikidata_match
,CHEMBL847292,N=C(NCCC[C@H](N)C(=O)O)N[N+](=O)[O-],,CHEMBL1131100,J Med Chem,CHEMBL227744,=,=,Ratio,,0.066,CHEMBL2111350,Nitric oxide synthase (inducible and endothelial),Ratio,,0.066,N=C(NCCC[C@H](N)C(=O)O)N[N+](=O)[O-],MRAUNPAHJZDYCK-BYPYZUCNSA-N,0.6233324074124401,MRAUNPAHJZDYCK,http://www.wikidata.org/entity/Q7041453
,CHEMBL834179,CC(O)C(O)C1CNc2nc(N)nc(N)c2N1,,CHEMBL1140327,J Med Chem,CHEMBL318427,=,=,Selectivity,,3.21,CHEMBL2111350,Nitric oxide synthase (inducible and endothelial),Selectivity,,3.21,CC(O)C(O)C1CNc2nc(N)nc(N)c2N1,NDSDGUULXHNXGA-UHFFFAOYSA-N,0.8328030110103236,NDSDGUULXHNXGA,no_wikidata_match
,CHEMBL847292,CNC(=N)NCCC[C@H](N)C(=O)O,,CHEMBL1131100,J Med Chem,CHEMBL256147,=,=,Ratio,,0.4,CHEMBL2111350,Nitric oxide synthase (inducible and endothelial),Ratio,,0.4,CNC(=N)NCCC[C@H](N)C(=O)O,NTNWOCRCBQPEKQ-YFKPBYRVSA-N,1.4126952765342768,NTNWOCRCBQPEKQ,http://www.wikidata.org/entity/Q99615184
,CHEMBL675570,CNC(=N)NCCC[C@H](N)C(=O)O,,CHEMBL1133154,Bioorg Med Chem Lett,CHEMBL256147,=,=,Ratio,,0.5,CHEMBL2111350,Nitric oxide synthase (inducible and endothelial),Ratio,,0.5,CNC(=N)NCCC[C@H](N)C(=O)O,NTNWOCRCBQPEKQ-YFKPBYRVSA-N,1.4126952765342768,NTNWOCRCBQPEKQ,http://www.wikidata.org/entity/Q99615184
,CHEMBL849794,CNC(=N)NCCC[C@H](N)C(=O)O,,CHEMBL1129456,J Med Chem,CHEMBL256147,=,=,Selectivity ratio,,0.2,CHEMBL2111350,Nitric oxide synthase (inducible and endothelial),Selectivity ratio,,0.2,CNC(=N)NCCC[C@H](N)C(=O)O,NTNWOCRCBQPEKQ-YFKPBYRVSA-N,1.4126952765342768,NTNWOCRCBQPEKQ,http://www.wikidata.org/entity/Q99615184
,CHEMBL675570,CC(=N)NCCCC[C@@H](N)C(=O)O,,CHEMBL1133154,Bioorg Med Chem Lett,CHEMBL340800,=,=,Ratio,,49.0,CHEMBL2111350,Nitric oxide synthase (inducible and endothelial),Ratio,,49.0,CC(=N)NCCCC[C@@H](N)C(=O)O,ONYFNWIHJBLQKE-SSDOTTSWSA-N,1.194843523141831,ONYFNWIHJBLQKE,http://www.wikidata.org/entity/Q27087931
,CHEMBL850532,CC(=N)NCCCC[C@H](N)C(=O)O,,CHEMBL1131487,J Med Chem,CHEMBL7889,=,=,Selectivity index,,30.0,CHEMBL2111350,Nitric oxide synthase (inducible and endothelial),Selectivity index,,30.0,CC(=N)NCCCC[C@H](N)C(=O)O,ONYFNWIHJBLQKE-ZETCQYMHSA-N,1.194843523141831,ONYFNWIHJBLQKE,http://www.wikidata.org/entity/Q27132940
,CHEMBL832169,CC(=N)NCCCC[C@H](N)C(=O)O,,CHEMBL1138708,Bioorg Med Chem Lett,CHEMBL7889,=,=,Selectivity,,3.7,CHEMBL2111350,Nitric oxide synthase (inducible and endothelial),Selectivity,,3.7,CC(=N)NCCCC[C@H](N)C(=O)O,ONYFNWIHJBLQKE-ZETCQYMHSA-N,1.194843523141831,ONYFNWIHJBLQKE,http://www.wikidata.org/entity/Q27132940
,CHEMBL845031,CC1CCC(N)=NC1,,CHEMBL1131208,J Med Chem,CHEMBL269330,=,=,Selectivity,,12.0,CHEMBL2111350,Nitric oxide synthase (inducible and endothelial),Selectivity,,12.0,CC1CCC(N)=NC1,OQYPAQURYOEEGO-UHFFFAOYSA-N,1.2242275019165252,OQYPAQURYOEEGO,http://www.wikidata.org/entity/Q82461449
,CHEMBL847292,CCC1N=C(N)CC1C.Cl,,CHEMBL1131100,J Med Chem,CHEMBL552935,=,=,Ratio,,10.0,CHEMBL2111350,Nitric oxide synthase (inducible and endothelial),Ratio,,10.0,CCC1N=C(N)CC1C.Cl,PKDLZQNLQBDYIE-UHFFFAOYSA-N,0.49230358138055996,PKDLZQNLQBDYIE,no_wikidata_match
,CHEMBL847958,CC1=C(C)C(N)=NCC1,,CHEMBL1136028,Bioorg Med Chem Lett,CHEMBL75484,=,=,Ratio,,1.0,CHEMBL2111350,Nitric oxide synthase (inducible and endothelial),Ratio,,1.0,CC1=C(C)C(N)=NCC1,PPOHOXDDSDLEJO-UHFFFAOYSA-N,0.7013378081532888,PPOHOXDDSDLEJO,no_wikidata_match
,CHEMBL847958,CCC1=CC(=N)NCC1,,CHEMBL1136028,Bioorg Med Chem Lett,CHEMBL260277,=,=,Ratio,,1.3,CHEMBL2111350,Nitric oxide synthase (inducible and endothelial),Ratio,,1.3,CCC1=CC(=N)NCC1,PZWTXXAVOPPTGW-UHFFFAOYSA-N,0.7455413984877223,PZWTXXAVOPPTGW,no_wikidata_match
,CHEMBL834179,CCCN(CCC)c1nc(N)nc2c1NC(c1ccc(OC)cc1)CN2,,CHEMBL1140327,J Med Chem,CHEMBL100716,=,=,Selectivity,,0.19,CHEMBL2111350,Nitric oxide synthase (inducible and endothelial),Selectivity,,0.19,CCCN(CCC)c1nc(N)nc2c1NC(c1ccc(OC)cc1)CN2,QRWBKJRYFMHWON-UHFFFAOYSA-N,-0.24491331003110003,QRWBKJRYFMHWON,no_wikidata_match
,CHEMBL834179,Nc1nc(N(Cc2ccccc2)Cc2ccccc2)c2nc(-c3ccccc3)cnc2n1,,CHEMBL1140327,J Med Chem,CHEMBL101399,=,=,Selectivity,,0.76,CHEMBL2111350,Nitric oxide synthase (inducible and endothelial),Selectivity,,0.76,Nc1nc(N(Cc2ccccc2)Cc2ccccc2)c2nc(-c3ccccc3)cnc2n1,QSNZOWTXIXJCER-UHFFFAOYSA-N,-0.7123652919553687,QSNZOWTXIXJCER,no_wikidata_match
,CHEMBL847958,C=CCC1CC(C)=CC(N)=N1,,CHEMBL1136028,Bioorg Med Chem Lett,CHEMBL72316,=,=,Ratio,,7.2,CHEMBL2111350,Nitric oxide synthase (inducible and endothelial),Ratio,,7.2,C=CCC1CC(C)=CC(N)=N1,RFJKCAIXDAGEDH-UHFFFAOYSA-N,1.2189808470492183,RFJKCAIXDAGEDH,no_wikidata_match
,CHEMBL834179,Nc1nc(NCC2CCCCC2)c2c(n1)NCC(c1ccc(Cl)cc1)N2,,CHEMBL1140327,J Med Chem,CHEMBL98547,=,=,Selectivity,,0.15,CHEMBL2111350,Nitric oxide synthase (inducible and endothelial),Selectivity,,0.15,Nc1nc(NCC2CCCCC2)c2c(n1)NCC(c1ccc(Cl)cc1)N2,RQCRZQBYIWDMKJ-UHFFFAOYSA-N,-0.34357135998284616,RQCRZQBYIWDMKJ,no_wikidata_match
,CHEMBL845031,CC1CC(N)=NC(C)C1,,CHEMBL1131208,J Med Chem,CHEMBL269076,=,=,Selectivity,,4.0,CHEMBL2111350,Nitric oxide synthase (inducible and endothelial),Selectivity,,4.0,CC1CC(N)=NC(C)C1,RRCBYANJUIVMJX-UHFFFAOYSA-N,0.7233968041500222,RRCBYANJUIVMJX,no_wikidata_match
,CHEMBL845031,NC1=Nc2ccccc2CC1,,CHEMBL1131208,J Med Chem,CHEMBL6656,=,=,Selectivity,,2.0,CHEMBL2111350,Nitric oxide synthase (inducible and endothelial),Selectivity,,2.0,NC1=Nc2ccccc2CC1,RREBANHDFAXBEZ-UHFFFAOYSA-N,-0.025143110366890896,RREBANHDFAXBEZ,no_wikidata_match
,CHEMBL831307,NC1=Nc2ccccc2CC1,,CHEMBL1143520,Bioorg Med Chem Lett,CHEMBL6656,=,=,Selectivity,,6.1,CHEMBL2111350,Nitric oxide synthase (inducible and endothelial),Selectivity,,6.1,NC1=Nc2ccccc2CC1,RREBANHDFAXBEZ-UHFFFAOYSA-N,-0.025143110366890896,RREBANHDFAXBEZ,no_wikidata_match
,CHEMBL847292,CC1CCN=C1N.Cl,,CHEMBL1131100,J Med Chem,CHEMBL545291,=,=,Ratio,,0.81,CHEMBL2111350,Nitric oxide synthase (inducible and endothelial),Ratio,,0.81,CC1CCN=C1N.Cl,RRFQVAMNRYKIJZ-UHFFFAOYSA-N,0.5928309436198249,RRFQVAMNRYKIJZ,no_wikidata_match
,CHEMBL845031,NC1=NC(C(F)(F)F)CCC1,,CHEMBL1131208,J Med Chem,CHEMBL267038,=,=,Selectivity,,4.0,CHEMBL2111350,Nitric oxide synthase (inducible and endothelial),Selectivity,,4.0,NC1=NC(C(F)(F)F)CCC1,RZKJKWXGHDDBCK-UHFFFAOYSA-N,-0.19227571466360913,RZKJKWXGHDDBCK,no_wikidata_match
,CHEMBL849794,CSC(=N)N,,CHEMBL1129456,J Med Chem,CHEMBL356703,=,=,Selectivity ratio,,2.3,CHEMBL2111350,Nitric oxide synthase (inducible and endothelial),Selectivity ratio,,2.3,CSC(=N)N,SDDKIZNHOCEXTF-UHFFFAOYSA-N,-0.28310749634306,SDDKIZNHOCEXTF,http://www.wikidata.org/entity/Q27277336
,CHEMBL845031,NC1=NC(Cc2ccccc2)CCC1,,CHEMBL1131208,J Med Chem,CHEMBL6875,=,=,Selectivity,,5.0,CHEMBL2111350,Nitric oxide synthase (inducible and endothelial),Selectivity,,5.0,NC1=NC(Cc2ccccc2)CCC1,SGCVJGBIFFHASJ-UHFFFAOYSA-N,0.2591475363110071,SGCVJGBIFFHASJ,no_wikidata_match
,CHEMBL847958,CC1=CC(N)=NCC1,,CHEMBL1136028,Bioorg Med Chem Lett,CHEMBL75304,=,=,Ratio,,1.2,CHEMBL2111350,Nitric oxide synthase (inducible and endothelial),Ratio,,1.2,CC1=CC(N)=NCC1,SRTDZDDEFUNXJL-UHFFFAOYSA-N,1.40055155110555,SRTDZDDEFUNXJL,no_wikidata_match
,CHEMBL850532,CC(=N)NCCCC[C@H](N)[C@@H](O)CO,,CHEMBL1131487,J Med Chem,CHEMBL164596,=,=,Selectivity index,,700.0,CHEMBL2111350,Nitric oxide synthase (inducible and endothelial),Selectivity index,,700.0,CC(=N)NCCCC[C@H](N)[C@@H](O)CO,SWFGZPKOOOLHNM-IUCAKERBSA-N,1.3718510843608358,SWFGZPKOOOLHNM,no_wikidata_match
,CHEMBL832169,CCC[C@@H]1CSCCC(N)=N1,,CHEMBL1138708,Bioorg Med Chem Lett,CHEMBL186985,=,=,Selectivity,,42.0,CHEMBL2111350,Nitric oxide synthase (inducible and endothelial),Selectivity,,42.0,CCC[C@@H]1CSCCC(N)=N1,SWOQAUBWIBZBLQ-SSDOTTSWSA-N,0.04803107301150908,SWOQAUBWIBZBLQ,no_wikidata_match
,CHEMBL832169,CCCC1CSCCC(N)=N1,,CHEMBL1138708,Bioorg Med Chem Lett,CHEMBL186969,=,=,Selectivity,,172.0,CHEMBL2111350,Nitric oxide synthase (inducible and endothelial),Selectivity,,172.0,CCCC1CSCCC(N)=N1,SWOQAUBWIBZBLQ-UHFFFAOYSA-N,0.04803107301150908,SWOQAUBWIBZBLQ,no_wikidata_match
,CHEMBL832169,CCC[C@H]1CSCCC(N)=N1,,CHEMBL1138708,Bioorg Med Chem Lett,CHEMBL186431,=,=,Selectivity,,5.2,CHEMBL2111350,Nitric oxide synthase (inducible and endothelial),Selectivity,,5.2,CCC[C@H]1CSCCC(N)=N1,SWOQAUBWIBZBLQ-ZETCQYMHSA-N,0.04803107301150908,SWOQAUBWIBZBLQ,no_wikidata_match
,CHEMBL847292,CCCCCC1N=C(N)CC1C.Cl,,CHEMBL1131100,J Med Chem,CHEMBL542710,=,=,Ratio,,671.0,CHEMBL2111350,Nitric oxide synthase (inducible and endothelial),Ratio,,671.0,CCCCCC1N=C(N)CC1C.Cl,UACZNFHCLLGRTD-UHFFFAOYSA-N,0.8187669035757387,UACZNFHCLLGRTD,no_wikidata_match
,CHEMBL847292,CCCCCC1N=C(N)CC1C.Cl,,CHEMBL1131100,J Med Chem,CHEMBL542710,=,=,Ratio,,897.0,CHEMBL2111350,Nitric oxide synthase (inducible and endothelial),Ratio,,897.0,CCCCCC1N=C(N)CC1C.Cl,UACZNFHCLLGRTD-UHFFFAOYSA-N,0.8187669035757387,UACZNFHCLLGRTD,no_wikidata_match
,CHEMBL847292,CCCCCC1N=C(N)CC1C.Cl,,CHEMBL1131100,J Med Chem,CHEMBL542710,=,=,Ratio,,130.0,CHEMBL2111350,Nitric oxide synthase (inducible and endothelial),Ratio,,130.0,CCCCCC1N=C(N)CC1C.Cl,UACZNFHCLLGRTD-UHFFFAOYSA-N,0.8187669035757387,UACZNFHCLLGRTD,no_wikidata_match
,CHEMBL847292,CCCCCC1N=C(N)CC1C.Cl,,CHEMBL1131100,J Med Chem,CHEMBL542710,=,=,Ratio,,53.0,CHEMBL2111350,Nitric oxide synthase (inducible and endothelial),Ratio,,53.0,CCCCCC1N=C(N)CC1C.Cl,UACZNFHCLLGRTD-UHFFFAOYSA-N,0.8187669035757387,UACZNFHCLLGRTD,no_wikidata_match
,CHEMBL839193,CCCCC[C@H]1NC(=N)C[C@H]1C.Cl,,CHEMBL1134975,Bioorg Med Chem Lett,CHEMBL322480,=,=,Selectivity,,130.0,CHEMBL2111350,Nitric oxide synthase (inducible and endothelial),Selectivity,,130.0,CCCCC[C@H]1NC(=N)C[C@H]1C.Cl,UACZNFHCLLGRTD-VTLYIQCISA-N,0.8599319172038999,UACZNFHCLLGRTD,no_wikidata_match
,CHEMBL839193,CCCCC[C@H]1NC(=N)C[C@H]1C.Cl,,CHEMBL1134975,Bioorg Med Chem Lett,CHEMBL322480,=,=,Selectivity,,897.0,CHEMBL2111350,Nitric oxide synthase (inducible and endothelial),Selectivity,,897.0,CCCCC[C@H]1NC(=N)C[C@H]1C.Cl,UACZNFHCLLGRTD-VTLYIQCISA-N,0.8599319172038999,UACZNFHCLLGRTD,no_wikidata_match
,CHEMBL845031,CC1CCCC(N)=N1,,CHEMBL1131208,J Med Chem,CHEMBL265672,=,=,Selectivity,,1.0,CHEMBL2111350,Nitric oxide synthase (inducible and endothelial),Selectivity,,1.0,CC1CCCC(N)=N1,UTJJCBMDCZDYKT-UHFFFAOYSA-N,0.5429038156350624,UTJJCBMDCZDYKT,http://www.wikidata.org/entity/Q82367385
,CHEMBL849794,CCSC(=N)N,,CHEMBL1129456,J Med Chem,CHEMBL321691,=,=,Selectivity ratio,,8.0,CHEMBL2111350,Nitric oxide synthase (inducible and endothelial),Selectivity ratio,,8.0,CCSC(=N)N,VFIZBHJTOHUOEK-UHFFFAOYSA-N,-0.8287842108937168,VFIZBHJTOHUOEK,http://www.wikidata.org/entity/Q27096309
,CHEMBL834179,Nc1nc2c(c(N3CCCCC3)n1)NC(c1ccc(Cl)cc1)CN2,,CHEMBL1140327,J Med Chem,CHEMBL101879,=,=,Selectivity,,0.14,CHEMBL2111350,Nitric oxide synthase (inducible and endothelial),Selectivity,,0.14,Nc1nc2c(c(N3CCCCC3)n1)NC(c1ccc(Cl)cc1)CN2,VLFZJRDUEIBKCU-UHFFFAOYSA-N,-0.5110270389219959,VLFZJRDUEIBKCU,no_wikidata_match
,CHEMBL675570,CC(=N)NCC[S+]([O-])C[C@@H](N)C(=O)O,,CHEMBL1133154,Bioorg Med Chem Lett,CHEMBL157958,=,=,Ratio,,19.0,CHEMBL2111350,Nitric oxide synthase (inducible and endothelial),Ratio,,19.0,CC(=N)NCC[S+]([O-])C[C@@H](N)C(=O)O,VNPLSLSSVUBDKG-NFSFSXTOSA-N,0.8672478534348429,VNPLSLSSVUBDKG,no_wikidata_match
,CHEMBL847958,CC1=CC(N)=N[C@@H]2CCCC[C@H]12,,CHEMBL1136028,Bioorg Med Chem Lett,CHEMBL74679,=,=,Ratio,,5.3,CHEMBL2111350,Nitric oxide synthase (inducible and endothelial),Ratio,,5.3,CC1=CC(N)=N[C@@H]2CCCC[C@H]12,VPZRXMOMNFFKQE-RKDXNWHRSA-N,0.7333970597233249,VPZRXMOMNFFKQE,no_wikidata_match
,CHEMBL832169,NC1=NCCSCC1,,CHEMBL1138708,Bioorg Med Chem Lett,CHEMBL88308,=,=,Selectivity,,9.5,CHEMBL2111350,Nitric oxide synthase (inducible and endothelial),Selectivity,,9.5,NC1=NCCSCC1,VXILVSMPTBRDEC-UHFFFAOYSA-N,-0.6513242390852,VXILVSMPTBRDEC,no_wikidata_match
,CHEMBL831307,C[C@@H]1CC(N)=N[C@@H]2CCCC[C@H]12,,CHEMBL1143520,Bioorg Med Chem Lett,CHEMBL191675,=,=,Selectivity,,37.0,CHEMBL2111350,Nitric oxide synthase (inducible and endothelial),Selectivity,,37.0,C[C@@H]1CC(N)=N[C@@H]2CCCC[C@H]12,WFMGCLWNKZKHCB-IWSPIJDZSA-N,0.7516358715952581,WFMGCLWNKZKHCB,no_wikidata_match
,CHEMBL831307,C[C@@H]1CC(N)=N[C@H]2CCCC[C@@H]12,,CHEMBL1143520,Bioorg Med Chem Lett,CHEMBL365804,=,=,Selectivity,,52.0,CHEMBL2111350,Nitric oxide synthase (inducible and endothelial),Selectivity,,52.0,C[C@@H]1CC(N)=N[C@H]2CCCC[C@@H]12,WFMGCLWNKZKHCB-VGMNWLOBSA-N,0.7516358715952581,WFMGCLWNKZKHCB,no_wikidata_match
,CHEMBL847292,Cl.NC1=NC(Cc2ccccc2)C(C(F)(F)F)C1,,CHEMBL1131100,J Med Chem,CHEMBL553678,=,=,Ratio,,39.0,CHEMBL2111350,Nitric oxide synthase (inducible and endothelial),Ratio,,39.0,Cl.NC1=NC(Cc2ccccc2)C(C(F)(F)F)C1,WHXRIXUDOSLVSA-UHFFFAOYSA-N,-0.17705206162476664,WHXRIXUDOSLVSA,no_wikidata_match
,CHEMBL847292,Cl.NC1=NC(Cc2ccccc2)C(C(F)(F)F)C1,,CHEMBL1131100,J Med Chem,CHEMBL553678,=,=,Ratio,,45.0,CHEMBL2111350,Nitric oxide synthase (inducible and endothelial),Ratio,,45.0,Cl.NC1=NC(Cc2ccccc2)C(C(F)(F)F)C1,WHXRIXUDOSLVSA-UHFFFAOYSA-N,-0.17705206162476664,WHXRIXUDOSLVSA,no_wikidata_match
,CHEMBL832169,NC1=NCCCOC1,,CHEMBL1138708,Bioorg Med Chem Lett,CHEMBL362772,=,=,Selectivity,,2.8,CHEMBL2111350,Nitric oxide synthase (inducible and endothelial),Selectivity,,2.8,NC1=NCCCOC1,WKPUJGILMQAMEH-UHFFFAOYSA-N,-0.3380683013694625,WKPUJGILMQAMEH,no_wikidata_match
,CHEMBL832169,CC1CSCCC(N)=N1,,CHEMBL1138708,Bioorg Med Chem Lett,CHEMBL364999,=,=,Selectivity,,6.1,CHEMBL2111350,Nitric oxide synthase (inducible and endothelial),Selectivity,,6.1,CC1CSCCC(N)=N1,XAKJYXSNTIZTRW-UHFFFAOYSA-N,-0.08266404777937783,XAKJYXSNTIZTRW,no_wikidata_match
,CHEMBL834179,Nc1nc(O)c2c(n1)NCC1COC(=O)N21,,CHEMBL1140327,J Med Chem,CHEMBL101885,=,=,Selectivity,,0.27,CHEMBL2111350,Nitric oxide synthase (inducible and endothelial),Selectivity,,0.27,Nc1nc(O)c2c(n1)NCC1COC(=O)N21,XAZOBOCYEGBXHD-UHFFFAOYSA-N,0.06540865798446885,XAZOBOCYEGBXHD,no_wikidata_match
,CHEMBL845031,CC1(C)CCN=C(N)C1,,CHEMBL1131208,J Med Chem,CHEMBL6643,=,=,Selectivity,,16.0,CHEMBL2111350,Nitric oxide synthase (inducible and endothelial),Selectivity,,16.0,CC1(C)CCN=C(N)C1,XVBNDSQIBBHCMM-UHFFFAOYSA-N,1.0333010895257333,XVBNDSQIBBHCMM,no_wikidata_match
,CHEMBL847292,CC1CC(N)=NC1Cc1ccccc1.Cl,,CHEMBL1131100,J Med Chem,CHEMBL552936,=,=,Ratio,,153.0,CHEMBL2111350,Nitric oxide synthase (inducible and endothelial),Ratio,,153.0,CC1CC(N)=NC1Cc1ccccc1.Cl,YDQNQNCDCZDMEA-UHFFFAOYSA-N,0.2780834268758933,YDQNQNCDCZDMEA,no_wikidata_match
,CHEMBL847292,CC1CC(N)=NC1Cc1ccccc1.Cl,,CHEMBL1131100,J Med Chem,CHEMBL552936,=,=,Ratio,,46.0,CHEMBL2111350,Nitric oxide synthase (inducible and endothelial),Ratio,,46.0,CC1CC(N)=NC1Cc1ccccc1.Cl,YDQNQNCDCZDMEA-UHFFFAOYSA-N,0.2780834268758933,YDQNQNCDCZDMEA,no_wikidata_match
,CHEMBL834179,CCCN(CCC)c1nc(N)nc2c1NC(c1ccccc1)CN2,,CHEMBL1140327,J Med Chem,CHEMBL185766,=,=,Selectivity,,0.21,CHEMBL2111350,Nitric oxide synthase (inducible and endothelial),Selectivity,,0.21,CCCN(CCC)c1nc(N)nc2c1NC(c1ccccc1)CN2,ZDDJPAWAMPLPBE-UHFFFAOYSA-N,-0.2739505107163584,ZDDJPAWAMPLPBE,no_wikidata_match
,CHEMBL847958,CC1=CCN=C(N)C1,,CHEMBL1136028,Bioorg Med Chem Lett,CHEMBL76342,=,=,Ratio,,0.6,CHEMBL2111350,Nitric oxide synthase (inducible and endothelial),Ratio,,0.6,CC1=CCN=C(N)C1,ZOKOWWYVKANQNJ-UHFFFAOYSA-N,0.8491659003745501,ZOKOWWYVKANQNJ,no_wikidata_match
,CHEMBL834179,CC(C)C(=O)Nc1nc(O)c2c(n1)NC(c1ccccc1)C(c1ccccc1)N2C(=O)c1ccc[n+](Cc2ccccc2)c1,,CHEMBL1140327,J Med Chem,CHEMBL321741,=,=,Selectivity,,2.06,CHEMBL2111350,Nitric oxide synthase (inducible and endothelial),Selectivity,,2.06,CC(C)C(=O)Nc1nc(O)c2c(n1)NC(c1ccccc1)C(c1ccccc1)N2C(=O)c1ccc[n+](Cc2ccccc2)c1,ZVWDWHLXLHRYDF-UHFFFAOYSA-O,-0.4854024201747157,ZVWDWHLXLHRYDF,no_wikidata_match
